名前,出席番号,メールアドレス,性別,趣味,去年の一番の思い出,今年の抱負
f,sa,adgd,男性,Array,aaass,ssssdgd
名前,出席番号,メールアドレス,性別,趣味,去年の一番の思い出,今年の抱負
aaa,saaaa,adgdaaaa,女性,Array,aaassaaa,ssssdgdaaaa
名前,出席番号,メールアドレス,性別,趣味,去年の一番の思い出,今年の抱負
aaa,saaaa,adgdaaaa,女性,Array,aaassaaa,ssssdgdaaaa
名前,出席番号,メールアドレス,性別,趣味,去年の一番の思い出,今年の抱負
aaa,saaaa,adgdaaaa,女性,Array,aaassaaa,ssssdgdaaaa
名前,出席番号,メールアドレス,性別,趣味,去年の一番の思い出,今年の抱負
aaa,saaaa,adgdaaaa,女性,Array,aaassaaa,ssssdgdaaaa
名前,出席番号,メールアドレス,性別,趣味,去年の一番の思い出,今年の抱負
堀　正斉,42,kdslfafkafa@dsdgadg.com,男性,Array,こんにちは！,おはよう！
名前,出席番号,メールアドレス,性別,趣味,去年の一番の思い出,今年の抱負
名前,出席番号,メールアドレス,性別,趣味,去年の一番の思い出,今年の抱負
堀,42,info@r-estate.tokyo,男性,Array,まけた,かつ
名前,出席番号,メールアドレス,性別,趣味,去年の一番の思い出,今年の抱負
堀,42,info@r-estate.tokyo,男性,Array,まけた,かつ
名前,出席番号,メールアドレス,性別,趣味,去年の一番の思い出,今年の抱負
堀,42,info@r-estate.tokyo,男性,Array,まけた,かつ
名前,出席番号,メールアドレス,性別,趣味,去年の一番の思い出,今年の抱負
あ,f,s,男性,Array,s,s
名前,出席番号,メールアドレス,性別,趣味,去年の一番の思い出,今年の抱負
堀,42,info@r-estate.tokyo,男性,Array,まけた,かつ
